business_name,review_count,stars
Buffalo Wild Wings,6795,2.7803030303030303
Bacchanal Buffet,7866,4.0
In-N-Out Burger,6256,4.075757575757576
Chipotle Mexican Grill,8796,2.95
Hash House A Go Go,10873,3.6666666666666665
Mon Ami Gabi,7968,4.0
Wicked Spoon,6446,3.5
McDonald's,12462,2.0869565217391304
Starbucks,21873,3.26364522417154
Panera Bread,5975,2.789308176100629
